generation,total,test,remove weak,breed,cross/copy,mutate
1,10.535684550599635,10.505317713667493,0.0,0.030366836932142545,0.030366836932142545,0.0
2,11.191315819294807,11.170898073769354,0.00014539203465524508,0.020272353490797812,0.00853237431606857,0.00967028079905674
3,11.78618647383692,11.743607988864682,0.00022621290097646352,0.042352272071262576,0.015196888610457648,0.020758989183260468
4,11.852979146933613,11.818008086362866,0.0008381423174199654,0.034132918253327205,0.011037821172102724,0.020225742514980993
5,12.028674302599306,11.987790490078062,0.00016762846347972982,0.04071618405776434,0.01152958834812523,0.021940940900293526
6,12.467499107335676,12.403892230292435,0.0009052792275383581,0.06270159781570328,0.02110664719553057,0.03501125719211018
7,14.418454097810354,14.37255554296442,0.0002339101263402199,0.04566464471959364,0.008632865869415696,0.027608664510012204
