generation,total,test,remove weak,breed,cross/copy,mutate
1,9.954725775655813,9.929244966335329,0.0,0.02548080932048467,0.02548080932048467,0.0
2,10.891532410664079,10.85317157756772,0.00025443606064534663,0.03810639703571361,0.020939873979317625,0.013748099747484588
3,11.4937406590963,11.444957355233363,0.0004635440163696103,0.04831975984656722,0.025475250213293776,0.020060679793282077
