generation,total,test,remove weak,breed,cross/copy,mutate
1,4.936890449240006,4.9253236576359685,0.0,0.011566791604037622,0.011566791604037622,0.0
2,5.188850996683779,5.18036052948358,7.868274816669185e-05,0.008411784452031945,0.002812908246935919,0.003632235124577221
3,5.48499618345909,5.470061428134642,0.00018815439778840926,0.014746600926660136,0.0029540240452750055,0.006453268220507624
4,5.320980712036107,5.311714107945033,0.00012101748766824016,0.00914558660340603,0.0017630922320037712,0.0036519058116155634
5,5.699271970767647,5.684362017613818,0.00020312122488519435,0.014706831928943842,0.003120797261498609,0.006533233839565611
6,5.86836632806002,5.856002018383535,0.0002035488485176984,0.012160760827967465,0.0026709372013158372,0.0034996717988704518
7,7.789785354318255,7.778429808788097,0.00020141073036228363,0.011154134799795656,0.0021975578414412666,0.004428470326118372
8,6.045726650146136,6.03519128674089,0.0005016025195558882,0.010033760885690413,0.0023267001781022145,0.006717539624666813
