generation,total,test,remove weak,breed,cross/copy,mutate
1,10.368077895920685,10.334597103705145,0.0,0.03348079221553942,0.03348079221553942,0.0
2,11.289626064515579,11.243200677355834,0.00019029251594560037,0.04623509464379971,0.026971077675694843,0.01586911295891369
