generation,total,test,remove weak,breed,cross/copy,mutate
1,30.937831221228947,30.819059612872326,0.0,0.118771608356621,0.118771608356621,0.0
2,31.48766968640221,31.422018768401177,0.0008873190350264792,0.0647635989660067,0.026607169965419786,0.03238350997753159
3,35.679796707725664,35.60895785982925,0.0008838980459699997,0.06995494985044104,0.033650131173523334,0.030094440679015122
4,38.97182387893119,38.893764606019644,0.0009347852580958715,0.07712448765344959,0.034444228256887754,0.034050386892474194
