generation,species,population,max fitness,avg fitness,best performance
1,1,30,5.807287218901204,0.3229715621648249,"{'t*p2/d': 7.108467993168199, 'prof/dd': 5.807287218901204, 'profit': 0.20400999999999975, 'confirmfactor': -0.17042638955120873, 'trades': 6, 'winratio': 0.3333333333333333, 'drawdown': 0.03513000000000008, 'fitness': 0.0, 'p2/dd': 1.1847446655280331}"
2,1,30,1.4374358222091863,0.1321689985703439,"{'t*p2/d': 3.380504069238678, 'prof/dd': 1.4374358222091863, 'profit': 0.19598000000000015, 'confirmfactor': -0.6956832329829558, 'trades': 12, 'winratio': 0.4166666666666667, 'drawdown': 0.1363399999999998, 'fitness': 0.0, 'p2/dd': 0.2817086724365565}"
