generation,species,population,max fitness,avg fitness,best performance
1,1,100,0.012561181434598338,0.0005550655191193613,"{'prof/bar': 0.012561181434598338, 'profit': 0.11907999999999225, 'trades': 1319, 'winratio': 0.5049279757391963, 'drawdown': 0.23930000000000423, 'fitness': 0.012561181434598338, 'confirmfactor': 2.7204526314084334}"
2,1,100,0.0119324894514768,0.0004940390254099633,"{'prof/bar': 0.0119324894514768, 'profit': 0.11312000000000007, 'trades': 1, 'winratio': 1.0, 'drawdown': 0.0, 'fitness': 0.0119324894514768, 'confirmfactor': 2.697979462222622}"
3,1,100,0.033772151898734164,0.0017656225691636508,"{'prof/bar': 0.033772151898734164, 'profit': 0.3201599999999999, 'trades': 3, 'winratio': 1.0, 'drawdown': 0.0, 'fitness': 0.033772151898734164, 'confirmfactor': 1.0108773839937926}"
4,1,88,0.01953586497890291,0.001985977665686954,"{'prof/bar': 0.01953586497890291, 'profit': 0.1851999999999996, 'trades': 15, 'winratio': 0.8, 'drawdown': 0.04415999999999995, 'fitness': 0.01953586497890291, 'confirmfactor': 2.6096988772840874}"
4,2,6,0.03222362869198313,0.007709563994374121,"{'prof/bar': 0.03222362869198313, 'profit': 0.3054800000000001, 'trades': 25, 'winratio': 0.6, 'drawdown': 0.03084000000000009, 'fitness': 0.03222362869198313, 'confirmfactor': 1.0456485093927004}"
4,3,2,0.011130801687763715,0.010975738396624482,"{'prof/bar': 0.011130801687763715, 'profit': 0.10552000000000002, 'trades': 1, 'winratio': 1.0, 'drawdown': 0.0, 'fitness': 0.011130801687763715, 'confirmfactor': 4.2854466067592965}"
4,4,4,0.0,0.0,"{'prof/bar': -0.01885443037974701, 'profit': -0.17874000000000168, 'trades': 543, 'winratio': 0.3830570902394107, 'drawdown': 0.1823600000000001, 'fitness': 0.0}"
